{
  "components": [
    {
      "components": [
        {
          "components": [
            {
              "class": "justify-content-start align-items-center",
              "components": [
                {
                  "class": "col-md-6 d-flex align-items-center",
                  "components": [
                    {
                      "name": "label0",
                      "text": "DashboardTEST",
                      "type": "label"
                    },
                    {
                      "attributes": [
                        {
                          "name": "style",
                          "value": "flex: auto"
                        }
                      ],
                      "name": "menu0",
                      "style": {
                        "height": "50px"
                      },
                      "type": "menu"
                    }
                  ],
                  "name": "leftCol",
                  "style": {
                    "paddingLeft": "30px"
                  },
                  "type": "col"
                }
              ],
              "name": "headerRow",
              "type": "row"
            }
          ],
          "name": "header0",
          "type": "header"
        },
        {
          "components": [
            {
              "name": "main",
              "type": "content-container"
            }
          ],
          "name": "body0",
          "style": {
            "marginLeft": "0px",
            "marginTop": "58px"
          },
          "type": "body"
        },
        {
          "components": [
            {
              "name": "footerText",
              "text": "DashboardTEST, Copyright Ⓒ 2022",
              "type": "label"
            }
          ],
          "name": "footer0",
          "type": "footer"
        }
      ],
      "type": "layout"
    }
  ],
  "name": "Main"
}