{
  "components": [
    {
      "components": [
        {
          "name": "pageTitle",
          "size": "H1",
          "text": "Dashboard",
          "type": "heading"
        },
        {
          "name": "pager0",
          "type": "pager"
        },
        {
          "class": "justify-content-center align-items-center",
          "components": [
            {
              "class": "col-4",
              "components": [
                {
                  "components": [
                    {
                      "components": [
                        {
                          "components": [
                            {
                              "class": "col-4",
                              "components": [
                                {
                                  "name": "image1",
                                  "path": "/assets/images/hbm-140-94.jpg-1200x600-93541ebc88.jpg",
                                  "style": {
                                    "height": "100px",
                                    "width": "100px"
                                  },
                                  "type": "image"
                                }
                              ],
                              "name": "col6",
                              "type": "col"
                            },
                            {
                              "class": "col-sm-8",
                              "components": [
                                {
                                  "name": "heading2",
                                  "size": "H3",
                                  "style": {
                                    "textAlign": "right"
                                  },
                                  "text": "Geluidssensor1",
                                  "type": "heading"
                                },
                                {
                                  "name": "heading3",
                                  "size": "H6",
                                  "style": {
                                    "marginBottom": "0px",
                                    "marginTop": "",
                                    "textAlign": "right"
                                  },
                                  "text": "Huidelijk",
                                  "type": "heading"
                                },
                                {
                                  "attributes": [],
                                  "events": {
                                    "ContextMenu": []
                                  },
                                  "name": "heading4",
                                  "size": "H3",
                                  "style": {
                                    "color": "#68d5c8",
                                    "textAlign": "right"
                                  },
                                  "text": "test",
                                  "type": "heading",
                                  "visible": true
                                }
                              ],
                              "name": "col7",
                              "type": "col"
                            }
                          ],
                          "name": "row3",
                          "type": "row"
                        }
                      ],
                      "name": "card3",
                      "style": {
                        "width": "294px"
                      },
                      "type": "card",
                      "visible": true
                    }
                  ],
                  "name": "card2",
                  "style": {
                    "marginBottom": "16px",
                    "width": "340px"
                  },
                  "type": "card",
                  "visible": true
                }
              ],
              "name": "col3",
              "type": "col"
            },
            {
              "class": "col-4",
              "components": [
                {
                  "components": [
                    {
                      "components": [
                        {
                          "components": [
                            {
                              "class": "col-4",
                              "components": [
                                {
                                  "name": "image2",
                                  "path": "/assets/images/hbm-140-94.jpg-1200x600-93541ebc88.jpg",
                                  "style": {
                                    "height": "100px",
                                    "width": "100px"
                                  },
                                  "type": "image"
                                }
                              ],
                              "name": "col8",
                              "type": "col"
                            },
                            {
                              "class": "col-sm-8",
                              "components": [
                                {
                                  "name": "heading5",
                                  "size": "H3",
                                  "style": {
                                    "textAlign": "right"
                                  },
                                  "text": "Geluidssensor1",
                                  "type": "heading"
                                },
                                {
                                  "name": "heading6",
                                  "size": "H6",
                                  "style": {
                                    "marginBottom": "0px",
                                    "textAlign": "right"
                                  },
                                  "text": "Huidelijk",
                                  "type": "heading"
                                },
                                {
                                  "attributes": [],
                                  "events": {
                                    "ContextMenu": []
                                  },
                                  "name": "heading7",
                                  "size": "H3",
                                  "style": {
                                    "color": "#68d5c8",
                                    "textAlign": "right"
                                  },
                                  "text": "test",
                                  "type": "heading"
                                }
                              ],
                              "name": "col9",
                              "type": "col"
                            }
                          ],
                          "name": "row4",
                          "type": "row"
                        }
                      ],
                      "name": "card5",
                      "style": {
                        "width": "294px"
                      },
                      "type": "card",
                      "visible": true
                    }
                  ],
                  "name": "card4",
                  "style": {
                    "marginBottom": "16px",
                    "width": "340px"
                  },
                  "type": "card",
                  "visible": true
                }
              ],
              "name": "col4",
              "type": "col"
            },
            {
              "class": "col-4",
              "components": [
                {
                  "components": [
                    {
                      "components": [
                        {
                          "components": [
                            {
                              "class": "col-4",
                              "components": [
                                {
                                  "name": "image3",
                                  "path": "/assets/images/hbm-140-94.jpg-1200x600-93541ebc88.jpg",
                                  "style": {
                                    "height": "100px",
                                    "width": "100px"
                                  },
                                  "type": "image"
                                }
                              ],
                              "name": "col10",
                              "type": "col"
                            },
                            {
                              "class": "col-sm-8",
                              "components": [
                                {
                                  "name": "heading8",
                                  "size": "H3",
                                  "style": {
                                    "textAlign": "right"
                                  },
                                  "text": "Geluidssensor1",
                                  "type": "heading"
                                },
                                {
                                  "name": "heading9",
                                  "size": "H6",
                                  "style": {
                                    "marginBottom": "0px",
                                    "textAlign": "right"
                                  },
                                  "text": "Huidelijk",
                                  "type": "heading"
                                },
                                {
                                  "attributes": [],
                                  "events": {
                                    "ContextMenu": []
                                  },
                                  "name": "heading10",
                                  "size": "H3",
                                  "style": {
                                    "color": "#68d5c8",
                                    "textAlign": "right"
                                  },
                                  "text": "test",
                                  "type": "heading"
                                }
                              ],
                              "name": "col11",
                              "type": "col"
                            }
                          ],
                          "name": "row5",
                          "type": "row"
                        }
                      ],
                      "name": "card7",
                      "style": {
                        "width": "294px"
                      },
                      "type": "card",
                      "visible": true
                    }
                  ],
                  "name": "card6",
                  "style": {
                    "marginBottom": "16px",
                    "width": "340px"
                  },
                  "type": "card",
                  "visible": true
                }
              ],
              "name": "col5",
              "type": "col"
            }
          ],
          "name": "row2",
          "style": {
            "textAlign": "center",
            "width": "undefinedpx"
          },
          "type": "row"
        },
        {
          "colorScheme": "ColorScheme.Pastel",
          "name": "chart0",
          "series": [
            {
              "categoryProperty": "Timestamp",
              "data": "${getMicAlexesResult}",
              "title": "GeluidSensor1",
              "tooltipTemplate": "",
              "type": "Line",
              "valueProperty": "Decibel"
            },
            {
              "categoryProperty": "Timerstamp",
              "data": "${getMicJorisResult}",
              "stroke": "",
              "title": "GeluidSensor2",
              "tooltipTemplate": "",
              "type": "Line",
              "valueProperty": "Decibel"
            },
            {
              "categoryProperty": "Timestamp",
              "data": "${getMicKaysResult}",
              "title": "GeluidSensor3",
              "type": "Line",
              "valueProperty": "Decibel"
            }
          ],
          "style": {
            "display": "block",
            "width": "1103px"
          },
          "type": "chart",
          "visible": true
        },
        {
          "name": "image0",
          "path": "/assets/images/gehoorschade.png",
          "style": {
            "width": "1104px"
          },
          "type": "image"
        }
      ],
      "container": "main",
      "type": "content"
    }
  ],
  "events": {
    "load": [
      {
        "name": "jmullink_Project4.getMicAlexes",
        "parameters": [],
        "then": [
          {
            "name": "getMicAlexesResult",
            "type": "set",
            "value": "${result}",
            "valueType": "IEnumerable<DashboardTest.Models.JmullinkProject4.MicAlex>"
          }
        ],
        "type": "invoke"
      },
      {
        "name": "jmullink_Project4.getMicJoris",
        "parameters": [],
        "then": [
          {
            "name": "getMicJorisResult",
            "type": "set",
            "value": "${result}",
            "valueType": "IEnumerable<DashboardTest.Models.JmullinkProject4.MicJori>"
          }
        ],
        "type": "invoke"
      },
      {
        "name": "jmullink_Project4.getMicKays",
        "parameters": [],
        "then": [
          {
            "name": "getMicKaysResult",
            "type": "set",
            "value": "${result}",
            "valueType": "IEnumerable<DashboardTest.Models.JmullinkProject4.MicKay>"
          }
        ],
        "type": "invoke"
      }
    ]
  },
  "layout": "Main",
  "name": "Dashboard",
  "access": [
    "Authenticated"
  ]
}