{
  "access": [
    "Authenticated"
  ],
  "components": [
    {
      "components": [
        {
          "name": "pageTitle",
          "size": "H1",
          "text": "Geluidssensor 3",
          "type": "heading"
        },
        {
          "components": [
            {
              "class": "col-8",
              "components": [
                {
                  "components": [
                    {
                      "components": [
                        {
                          "class": "col-12",
                          "components": [
                            {
                              "allowColumnReorder": true,
                              "allowColumnResize": true,
                              "allowFiltering": true,
                              "allowMultiColumnSorting": false,
                              "allowPaging": true,
                              "allowSorting": true,
                              "allowVirtualization": true,
                              "columns": [
                                {
                                  "property": "ID",
                                  "title": "ID"
                                },
                                {
                                  "formatString": "{0:d}",
                                  "property": "Timestamp",
                                  "title": "Timestamp"
                                },
                                {
                                  "filterProperty": "",
                                  "filterValue": "",
                                  "property": "Naam",
                                  "sortProperty": "",
                                  "title": "Naam"
                                },
                                {
                                  "property": "Locatie",
                                  "title": "Locatie"
                                },
                                {
                                  "property": "Decibel",
                                  "title": "Decibel"
                                }
                              ],
                              "count": "",
                              "data": "${getMicKaysResult}",
                              "filterDelay": 501,
                              "isLoading": false,
                              "itemType": "DashboardTest.Models.JmullinkProject4.MicKay",
                              "name": "datagrid0",
                              "pageSize": 10,
                              "style": {
                                "height": "365px"
                              },
                              "type": "datagrid"
                            }
                          ],
                          "name": "col3",
                          "type": "col"
                        }
                      ],
                      "name": "row1",
                      "type": "row"
                    }
                  ],
                  "name": "card0",
                  "style": {
                    "height": "418px"
                  },
                  "type": "card",
                  "visible": true
                }
              ],
              "name": "col0",
              "type": "col"
            },
            {
              "class": "col-4",
              "components": [
                {
                  "components": [
                    {
                      "class": "col-md-12",
                      "components": [
                        {
                          "name": "dropdown0",
                          "type": "dropdown"
                        }
                      ],
                      "name": "col4",
                      "type": "col"
                    },
                    {
                      "class": "col-md-12",
                      "components": [
                        {
                          "name": "label0",
                          "style": {
                            "fontStyle": "normal"
                          },
                          "text": "Laagste decibel   :",
                          "type": "label"
                        },
                        {
                          "name": "label8",
                          "style": {
                            "float": "right",
                            "marginLeft": "100px",
                            "marginRight": "5px"
                          },
                          "text": "Value1",
                          "type": "label"
                        }
                      ],
                      "name": "col2",
                      "type": "col"
                    },
                    {
                      "class": "col-md-12",
                      "components": [
                        {
                          "component": null,
                          "name": "label1",
                          "text": "Hoogste decibel:",
                          "type": "label"
                        },
                        {
                          "name": "label9",
                          "style": {
                            "float": "right",
                            "marginLeft": "103px",
                            "marginRight": "5px"
                          },
                          "text": "Value1",
                          "type": "label"
                        }
                      ],
                      "name": "col5",
                      "type": "col"
                    },
                    {
                      "class": "col-md-12",
                      "components": [
                        {
                          "name": "label2",
                          "text": "Gemiddelde decibel:",
                          "type": "label"
                        },
                        {
                          "name": "label10",
                          "style": {
                            "float": "right",
                            "marginLeft": "79px",
                            "marginRight": "5px"
                          },
                          "text": "Value1",
                          "type": "label"
                        }
                      ],
                      "name": "col6",
                      "type": "col"
                    },
                    {
                      "class": "col-md-12",
                      "components": [
                        {
                          "name": "Locatie:",
                          "text": "Locatie:",
                          "type": "label"
                        },
                        {
                          "name": "label11",
                          "style": {
                            "float": "right",
                            "marginLeft": "80px",
                            "marginRight": "5px"
                          },
                          "text": "Value1",
                          "type": "label"
                        }
                      ],
                      "name": "col7",
                      "type": "col"
                    },
                    {
                      "class": "col-md-12",
                      "components": [
                        {
                          "name": "label4",
                          "text": "Aantal metingen:",
                          "type": "label"
                        },
                        {
                          "name": "label12",
                          "style": {
                            "float": "right",
                            "marginLeft": "20px",
                            "marginRight": "5px"
                          },
                          "text": "Value1",
                          "type": "label"
                        }
                      ],
                      "name": "col8",
                      "type": "col"
                    },
                    {
                      "class": "col-md-12",
                      "components": [
                        {
                          "name": "label6",
                          "text": "Laatste Meting:",
                          "type": "label"
                        },
                        {
                          "name": "label13",
                          "style": {
                            "float": "right",
                            "marginLeft": "20px",
                            "marginRight": "5px"
                          },
                          "text": "Value1",
                          "type": "label"
                        }
                      ],
                      "name": "col11",
                      "type": "col"
                    },
                    {
                      "class": "col-md-12",
                      "components": [
                        {
                          "name": "label7",
                          "text": "Eerste meting:",
                          "type": "label"
                        },
                        {
                          "name": "label14",
                          "style": {
                            "float": "right",
                            "marginLeft": "20px",
                            "marginRight": "5px"
                          },
                          "text": "Value1",
                          "type": "label"
                        }
                      ],
                      "name": "col10",
                      "type": "col"
                    },
                    {
                      "class": "col-md-12",
                      "components": [
                        {
                          "name": "label3",
                          "text": "Naam:",
                          "type": "label"
                        },
                        {
                          "name": "label15",
                          "style": {
                            "float": "right",
                            "marginLeft": "20px",
                            "marginRight": "5px"
                          },
                          "text": "Value1",
                          "type": "label"
                        }
                      ],
                      "name": "col9",
                      "type": "col"
                    }
                  ],
                  "name": "card1",
                  "style": {
                    "height": "415px",
                    "width": "381px"
                  },
                  "type": "card",
                  "visible": true
                }
              ],
              "name": "col1",
              "type": "col"
            }
          ],
          "name": "row0",
          "type": "row"
        },
        {
          "max": 140,
          "name": "progressbar0",
          "progressBarStyle": "ProgressBarStyle.Primary",
          "style": {
            "float": "none",
            "height": "20px",
            "marginBottom": "-140px",
            "marginTop": "140px",
            "width": "956px"
          },
          "template": "",
          "type": "progressbar",
          "unit": " Decibel",
          "value": 1
        },
        {
          "name": "image0",
          "path": "/assets/images/geluidsniveaus_bewerkt.jpg",
          "style": {
            "width": "959px"
          },
          "type": "image"
        },
        {
          "attributes": [],
          "name": "Decibel",
          "scales": [
            {
              "formatString": "",
              "max": 140,
              "min": 0,
              "pointers": [
                {
                  "fill": "",
                  "formatString": "",
                  "template": "Decibel",
                  "value": 25
                }
              ],
              "ranges": [
                {
                  "fill": "#5dbf74",
                  "from": 0,
                  "to": 30
                },
                {
                  "fill": "#e6c54f",
                  "from": 30,
                  "to": 80
                },
                {
                  "fill": "#f9777f",
                  "from": 80,
                  "to": 120
                },
                {
                  "fill": "#ff6d41",
                  "from": 120,
                  "to": 140
                }
              ]
            }
          ],
          "type": "radial-gauge"
        }
      ],
      "container": "main",
      "type": "content"
    }
  ],
  "events": {
    "load": [
      {
        "name": "jmullink_Project4.getMicJoris",
        "parameters": [],
        "then": [
          {
            "name": "getMicJorisResult",
            "type": "set",
            "value": "${result}",
            "valueType": "IEnumerable<DashboardTest.Models.JmullinkProject4.MicJori>"
          }
        ],
        "type": "invoke"
      },
      {
        "name": "jmullink_Project4.getMicKays",
        "parameters": [],
        "then": [
          {
            "name": "getMicKaysResult",
            "type": "set",
            "value": "${result}",
            "valueType": "IEnumerable<DashboardTest.Models.JmullinkProject4.MicKay>"
          }
        ],
        "type": "invoke"
      }
    ]
  },
  "layout": "Main",
  "name": "Geluidssensor 3"
}